"Date","Price","Open","High","Low","Vol.","Change %"
"09/03/2026","5,614.15","5,557.60","5,627.95","5,543.55","","-1.85%"
"06/03/2026","5,719.90","5,805.52","5,827.88","5,651.35","","-1.09%"
"05/03/2026","5,782.89","5,867.39","5,914.11","5,768.23","","-1.50%"
"04/03/2026","5,870.92","5,780.25","5,888.21","5,772.25","","1.72%"
"03/03/2026","5,771.73","5,937.33","5,937.33","5,736.80","","-3.59%"
"02/03/2026","5,986.93","6,086.79","6,086.79","5,972.27","","-2.47%"
"27/02/2026","6,138.41","6,165.30","6,180.30","6,113.33","","-0.38%"
"26/02/2026","6,161.56","6,176.51","6,199.78","6,133.74","","-0.19%"
"25/02/2026","6,173.32","6,133.01","6,176.87","6,133.01","","0.93%"
"24/02/2026","6,116.60","6,121.31","6,137.27","6,084.69","","0.04%"
"23/02/2026","6,113.92","6,113.77","6,151.96","6,100.47","","-0.28%"
"20/02/2026","6,131.31","6,072.25","6,140.95","6,059.64","","1.18%"
"19/02/2026","6,059.62","6,097.65","6,097.65","6,030.03","","-0.72%"
"18/02/2026","6,103.37","6,027.91","6,107.73","6,027.91","","1.35%"
"17/02/2026","6,021.85","5,975.43","6,026.54","5,954.14","","0.72%"
"16/02/2026","5,978.88","5,993.30","6,015.97","5,978.82","","-0.11%"
"13/02/2026","5,985.23","6,011.02","6,015.18","5,957.93","","-0.43%"
"12/02/2026","6,011.29","6,064.65","6,099.07","6,003.71","","-0.40%"
"11/02/2026","6,035.64","6,041.78","6,069.79","6,011.93","","-0.19%"
"10/02/2026","6,047.06","6,065.78","6,078.29","6,045.99","","-0.20%"
"09/02/2026","6,059.01","6,012.62","6,059.01","5,994.52","","1.01%"
"06/02/2026","5,998.40","5,925.91","6,001.97","5,904.33","","1.23%"
"05/02/2026","5,925.70","5,988.25","5,999.42","5,892.59","","-0.75%"
"04/02/2026","5,970.47","5,989.07","6,028.90","5,970.47","","-0.41%"
"03/02/2026","5,995.35","6,027.88","6,073.34","5,973.41","","-0.20%"
"02/02/2026","6,007.51","5,901.25","6,017.85","5,890.32","","1.00%"
"30/01/2026","5,947.81","5,887.92","5,965.26","5,887.92","","0.95%"
"29/01/2026","5,891.95","5,963.64","5,973.25","5,879.16","","-0.70%"
"28/01/2026","5,933.20","5,988.60","6,024.55","5,933.20","","-1.02%"
"27/01/2026","5,994.59","5,972.97","6,004.54","5,960.02","","0.62%"
"26/01/2026","5,957.80","5,948.97","5,971.36","5,926.30","","0.16%"
"23/01/2026","5,948.20","5,947.63","5,955.99","5,915.98","","-0.13%"
"22/01/2026","5,956.17","5,902.69","5,979.23","5,902.69","","1.25%"
"21/01/2026","5,882.88","5,894.28","5,899.24","5,822.92","","-0.16%"
"20/01/2026","5,892.08","5,910.48","5,910.48","5,836.54","","-0.57%"
"19/01/2026","5,925.82","5,974.89","5,974.89","5,919.41","","-1.72%"
"16/01/2026","6,029.45","6,039.76","6,045.61","6,003.67","","-0.19%"
"15/01/2026","6,041.14","6,006.03","6,053.68","6,004.35","","0.60%"
"14/01/2026","6,005.05","6,030.90","6,052.86","6,004.15","","-0.41%"
"13/01/2026","6,029.83","6,022.16","6,041.72","6,007.72","","0.22%"
"12/01/2026","6,016.30","5,995.21","6,018.96","5,968.49","","0.31%"
"09/01/2026","5,997.47","5,916.48","5,999.48","5,916.48","","1.58%"
"08/01/2026","5,904.32","5,913.28","5,935.09","5,896.72","","-0.32%"
"07/01/2026","5,923.57","5,926.54","5,934.99","5,911.70","","-0.14%"
"06/01/2026","5,931.79","5,926.73","5,943.21","5,895.76","","0.14%"
"05/01/2026","5,923.69","5,863.16","5,924.60","5,863.16","","1.25%"
"02/01/2026","5,850.38","5,785.83","5,862.29","5,780.85","","0.93%"
"30/12/2025","5,796.22","5,748.97","5,802.99","5,746.36","","0.77%"
"29/12/2025","5,751.71","5,752.16","5,766.30","5,734.91","","0.04%"
"23/12/2025","5,749.28","5,742.56","5,754.53","5,729.34","","0.10%"
"22/12/2025","5,743.69","5,754.39","5,770.99","5,733.79","","-0.29%"
"19/12/2025","5,760.35","5,742.14","5,772.35","5,728.65","","0.32%"
"18/12/2025","5,741.71","5,684.00","5,746.98","5,679.61","","1.06%"
"17/12/2025","5,681.67","5,735.21","5,745.87","5,678.53","","-0.63%"
"16/12/2025","5,717.83","5,755.82","5,757.35","5,710.21","","-0.60%"
"15/12/2025","5,752.52","5,724.16","5,763.21","5,724.16","","0.56%"
"12/12/2025","5,720.71","5,766.84","5,794.70","5,718.97","","-0.58%"
"11/12/2025","5,753.96","5,707.76","5,770.19","5,684.93","","0.80%"
"10/12/2025","5,708.12","5,710.70","5,722.77","5,692.59","","-0.18%"
"09/12/2025","5,718.32","5,724.71","5,753.48","5,708.53","","-0.13%"
"08/12/2025","5,725.59","5,717.65","5,734.73","5,711.00","","0.03%"
"05/12/2025","5,723.93","5,726.64","5,749.06","5,723.91","","0.10%"
"04/12/2025","5,718.08","5,709.83","5,731.94","5,704.44","","0.41%"
"03/12/2025","5,694.56","5,696.25","5,725.32","5,676.92","","0.15%"
"02/12/2025","5,686.17","5,667.41","5,710.83","5,665.29","","0.33%"
"01/12/2025","5,667.48","5,659.91","5,672.08","5,622.95","","-0.01%"
"28/11/2025","5,668.17","5,655.16","5,676.82","5,641.33","","0.27%"
"27/11/2025","5,653.17","5,650.47","5,665.02","5,638.39","","-0.04%"
"26/11/2025","5,655.58","5,583.82","5,655.58","5,583.82","","1.47%"
"25/11/2025","5,573.91","5,528.61","5,581.92","5,510.48","","0.82%"
"24/11/2025","5,528.67","5,523.63","5,562.01","5,504.96","","0.25%"
"21/11/2025","5,515.09","5,537.67","5,539.49","5,473.88","","-0.98%"
"20/11/2025","5,569.92","5,569.47","5,625.21","5,569.47","","0.50%"
"19/11/2025","5,542.05","5,532.91","5,584.35","5,506.10","","0.13%"
"18/11/2025","5,534.71","5,610.75","5,610.75","5,509.10","","-1.88%"
"17/11/2025","5,640.94","5,692.13","5,701.64","5,629.34","","-0.93%"
"14/11/2025","5,693.77","5,731.16","5,731.16","5,631.18","","-0.85%"
"13/11/2025","5,742.79","5,795.92","5,818.07","5,740.97","","-0.77%"
"12/11/2025","5,787.31","5,734.68","5,804.66","5,734.68","","1.08%"
"11/11/2025","5,725.70","5,670.94","5,730.99","5,670.94","","1.08%"
"10/11/2025","5,664.46","5,608.67","5,677.49","5,608.67","","1.76%"
"07/11/2025","5,566.53","5,617.82","5,633.75","5,554.53","","-0.80%"
"06/11/2025","5,611.18","5,665.59","5,672.37","5,606.57","","-1.02%"
"05/11/2025","5,669.13","5,619.21","5,681.61","5,605.47","","0.16%"
"04/11/2025","5,660.20","5,646.20","5,660.61","5,577.21","","-0.34%"
"03/11/2025","5,679.25","5,664.18","5,705.77","5,656.15","","0.30%"
"31/10/2025","5,662.04","5,695.85","5,697.59","5,654.30","","-0.65%"
"30/10/2025","5,699.18","5,702.77","5,716.02","5,667.10","","-0.12%"
"29/10/2025","5,705.81","5,701.24","5,734.28","5,691.82","","0.03%"
"28/10/2025","5,704.35","5,696.05","5,712.17","5,686.58","","-0.12%"
"27/10/2025","5,711.06","5,691.89","5,712.78","5,684.66","","0.64%"
"24/10/2025","5,674.50","5,685.52","5,694.78","5,650.42","","0.11%"
"23/10/2025","5,668.33","5,651.90","5,673.11","5,639.82","","0.52%"
"22/10/2025","5,639.21","5,672.24","5,685.30","5,635.90","","-0.84%"
"21/10/2025","5,686.83","5,686.77","5,699.13","5,670.65","","0.10%"
"20/10/2025","5,680.93","5,626.25","5,688.17","5,626.25","","1.31%"
"17/10/2025","5,607.39","5,618.48","5,640.56","5,555.25","","-0.79%"
"16/10/2025","5,652.01","5,604.34","5,652.11","5,585.95","","0.84%"
"15/10/2025","5,605.03","5,566.97","5,639.95","5,566.97","","0.95%"
"14/10/2025","5,552.05","5,552.49","5,553.22","5,487.67","","-0.29%"
"13/10/2025","5,568.19","5,540.54","5,591.29","5,540.54","","0.67%"
"10/10/2025","5,531.32","5,628.83","5,648.59","5,529.63","","-1.68%"
"09/10/2025","5,625.56","5,651.03","5,665.03","5,625.56","","-0.43%"
"08/10/2025","5,649.73","5,594.09","5,657.34","5,594.09","","0.64%"
"07/10/2025","5,613.62","5,629.64","5,643.61","5,610.50","","-0.27%"
"06/10/2025","5,628.72","5,655.17","5,655.17","5,605.52","","-0.41%"
"03/10/2025","5,651.71","5,658.06","5,667.92","5,641.35","","0.10%"
"02/10/2025","5,645.81","5,617.17","5,674.55","5,617.17","","1.16%"
"01/10/2025","5,581.21","5,513.15","5,590.49","5,503.99","","0.93%"
"30/09/2025","5,529.96","5,503.26","5,529.96","5,484.22","","0.42%"
"29/09/2025","5,506.85","5,514.49","5,520.89","5,496.34","","0.13%"
"26/09/2025","5,499.70","5,448.89","5,503.69","5,448.89","","1.01%"
"25/09/2025","5,444.89","5,463.55","5,463.55","5,415.31","","-0.36%"
"24/09/2025","5,464.56","5,472.09","5,481.93","5,450.12","","-0.14%"
"23/09/2025","5,472.39","5,445.83","5,495.02","5,445.83","","0.56%"
"22/09/2025","5,442.05","5,462.65","5,462.65","5,426.58","","-0.30%"
"19/09/2025","5,458.42","5,459.25","5,494.13","5,452.86","","0.03%"
"18/09/2025","5,456.67","5,389.00","5,463.15","5,389.00","","1.62%"
"17/09/2025","5,369.70","5,381.69","5,393.92","5,361.11","","-0.05%"
"16/09/2025","5,372.31","5,439.92","5,446.19","5,370.58","","-1.25%"
"15/09/2025","5,440.40","5,402.90","5,446.17","5,402.90","","0.92%"
"12/09/2025","5,390.71","5,387.15","5,397.20","5,359.31","","0.07%"
"11/09/2025","5,386.77","5,362.86","5,403.93","5,354.61","","0.47%"
"10/09/2025","5,361.47","5,387.46","5,413.06","5,354.56","","-0.14%"
"09/09/2025","5,368.82","5,364.72","5,387.84","5,348.15","","0.11%"
"08/09/2025","5,362.81","5,324.66","5,368.36","5,324.66","","0.84%"
"05/09/2025","5,318.15","5,356.79","5,372.26","5,301.18","","-0.53%"
"04/09/2025","5,346.71","5,327.05","5,351.54","5,313.22","","0.41%"
"03/09/2025","5,325.01","5,311.89","5,342.45","5,304.98","","0.64%"
"02/09/2025","5,291.04","5,367.56","5,368.76","5,290.46","","-1.42%"
"01/09/2025","5,367.08","5,351.44","5,377.74","5,351.44","","0.29%"
"29/08/2025","5,351.73","5,384.93","5,395.23","5,351.64","","-0.83%"
"28/08/2025","5,396.73","5,398.54","5,430.81","5,378.05","","0.07%"
"27/08/2025","5,393.07","5,385.69","5,403.99","5,365.97","","0.17%"
"26/08/2025","5,383.68","5,413.32","5,413.32","5,376.11","","-1.11%"
"25/08/2025","5,443.96","5,480.53","5,480.53","5,441.08","","-0.81%"
"22/08/2025","5,488.23","5,457.94","5,510.69","5,448.56","","0.48%"
"21/08/2025","5,462.16","5,469.92","5,470.60","5,439.27","","-0.19%"
"20/08/2025","5,472.32","5,475.58","5,491.52","5,450.83","","-0.20%"
"19/08/2025","5,483.28","5,438.98","5,489.46","5,438.98","","0.89%"
"18/08/2025","5,434.64","5,446.78","5,451.66","5,412.22","","-0.26%"
"15/08/2025","5,448.61","5,441.26","5,465.57","5,440.57","","0.26%"
"14/08/2025","5,434.70","5,391.83","5,438.37","5,390.37","","0.86%"
"13/08/2025","5,388.25","5,342.23","5,394.85","5,342.23","","0.98%"
"12/08/2025","5,335.97","5,340.19","5,348.70","5,312.19","","0.08%"
"11/08/2025","5,331.85","5,360.25","5,371.25","5,325.73","","-0.30%"
"08/08/2025","5,347.74","5,336.26","5,366.96","5,326.53","","0.29%"
"07/08/2025","5,332.07","5,261.32","5,353.88","5,261.32","","1.31%"
"06/08/2025","5,263.29","5,260.45","5,282.54","5,252.67","","0.26%"
"05/08/2025","5,249.59","5,254.75","5,270.45","5,235.92","","0.14%"
"04/08/2025","5,242.32","5,170.48","5,242.32","5,170.48","","1.49%"
"01/08/2025","5,165.60","5,304.04","5,304.04","5,154.83","","-2.90%"
"31/07/2025","5,319.92","5,405.66","5,419.62","5,317.61","","-1.36%"
"30/07/2025","5,393.18","5,376.43","5,404.08","5,363.98","","0.26%"
"29/07/2025","5,379.20","5,340.78","5,412.51","5,340.78","","0.78%"
"28/07/2025","5,337.58","5,381.59","5,417.28","5,330.97","","-0.27%"
"25/07/2025","5,352.16","5,342.66","5,362.23","5,317.54","","-0.06%"
"24/07/2025","5,355.20","5,365.92","5,396.31","5,337.97","","0.20%"
"23/07/2025","5,344.25","5,305.59","5,371.35","5,305.59","","1.02%"
"22/07/2025","5,290.48","5,332.32","5,332.32","5,277.85","","-0.98%"
"21/07/2025","5,342.98","5,358.19","5,360.05","5,318.53","","-0.30%"
"18/07/2025","5,359.23","5,385.37","5,404.32","5,353.10","","-0.33%"
"17/07/2025","5,377.15","5,338.99","5,377.15","5,336.58","","1.49%"
"16/07/2025","5,298.07","5,327.78","5,351.43","5,298.07","","-1.05%"
"15/07/2025","5,354.17","5,374.63","5,397.76","5,351.38","","-0.31%"
"14/07/2025","5,370.85","5,357.50","5,371.21","5,337.64","","-0.23%"
"11/07/2025","5,383.48","5,423.00","5,423.00","5,370.17","","-1.01%"
"10/07/2025","5,438.27","5,452.30","5,470.81","5,434.95","","-0.14%"
"09/07/2025","5,445.65","5,382.03","5,451.70","5,382.03","","1.37%"
"08/07/2025","5,371.95","5,346.33","5,375.41","5,333.53","","0.57%"
"07/07/2025","5,341.54","5,292.79","5,341.54","5,289.19","","1.00%"
"04/07/2025","5,288.81","5,320.94","5,320.94","5,274.88","","-1.02%"
"03/07/2025","5,343.15","5,325.85","5,343.15","5,302.59","","0.46%"
"02/07/2025","5,318.72","5,294.27","5,323.53","5,285.25","","0.69%"
"01/07/2025","5,282.43","5,308.01","5,314.39","5,265.94","","-0.39%"
"30/06/2025","5,303.24","5,337.74","5,341.77","5,296.46","","-0.42%"
"27/06/2025","5,325.64","5,268.82","5,325.64","5,268.82","","1.56%"
"26/06/2025","5,244.03","5,261.16","5,273.81","5,222.76","","-0.15%"
"25/06/2025","5,252.01","5,302.94","5,316.26","5,252.01","","-0.85%"
"24/06/2025","5,297.07","5,261.92","5,323.08","5,261.92","","1.44%"
"23/06/2025","5,221.90","5,224.34","5,249.18","5,189.59","","-0.22%"
"20/06/2025","5,233.58","5,208.19","5,275.38","5,208.19","","0.70%"
"19/06/2025","5,197.03","5,248.42","5,248.42","5,196.84","","-1.33%"
"18/06/2025","5,266.91","5,288.63","5,300.25","5,253.56","","-0.41%"
"17/06/2025","5,288.68","5,311.09","5,311.09","5,265.30","","-0.95%"
"16/06/2025","5,339.57","5,295.92","5,344.12","5,295.92","","0.93%"
"13/06/2025","5,290.47","5,329.27","5,329.27","5,269.11","","-1.31%"
"12/06/2025","5,360.82","5,377.34","5,381.60","5,327.74","","-0.60%"
"11/06/2025","5,393.15","5,418.30","5,430.15","5,393.15","","-0.41%"
"10/06/2025","5,415.38","5,414.84","5,428.18","5,396.17","","-0.11%"
"09/06/2025","5,421.52","5,424.96","5,427.50","5,395.81","","-0.16%"
"06/06/2025","5,430.17","5,407.14","5,435.42","5,395.58","","0.36%"
"05/06/2025","5,410.55","5,406.69","5,432.38","5,382.10","","0.10%"
"04/06/2025","5,405.15","5,385.42","5,424.09","5,385.42","","0.55%"
"03/06/2025","5,375.70","5,363.99","5,376.95","5,326.22","","0.38%"
"02/06/2025","5,355.56","5,337.40","5,364.23","5,308.05","","-0.21%"
"30/05/2025","5,366.59","5,370.20","5,402.23","5,358.75","","-0.08%"
"29/05/2025","5,371.10","5,402.57","5,437.67","5,364.98","","-0.14%"
"28/05/2025","5,378.39","5,413.21","5,427.97","5,377.64","","-0.68%"
"27/05/2025","5,415.45","5,391.13","5,436.28","5,388.47","","0.37%"
"26/05/2025","5,395.33","5,364.83","5,412.57","5,364.83","","1.30%"
"23/05/2025","5,326.31","5,426.69","5,441.87","5,252.94","","-1.81%"
"22/05/2025","5,424.48","5,448.32","5,448.32","5,385.16","","-0.55%"
"21/05/2025","5,454.46","5,452.27","5,461.06","5,415.89","","0.00%"
"20/05/2025","5,454.65","5,430.86","5,467.28","5,423.12","","0.51%"
"19/05/2025","5,427.23","5,409.04","5,427.23","5,382.33","","-0.01%"
"16/05/2025","5,427.53","5,422.42","5,450.95","5,407.53","","0.29%"
"15/05/2025","5,412.08","5,392.32","5,412.08","5,363.52","","0.16%"
"14/05/2025","5,403.44","5,412.88","5,421.20","5,374.81","","-0.24%"
"13/05/2025","5,416.21","5,390.62","5,416.70","5,384.68","","0.44%"
"12/05/2025","5,392.36","5,319.28","5,421.61","5,319.28","","1.56%"
"09/05/2025","5,309.74","5,286.04","5,323.61","5,286.04","","0.39%"
"08/05/2025","5,288.94","5,240.23","5,304.78","5,240.23","","1.12%"
"07/05/2025","5,230.19","5,261.34","5,264.02","5,223.66","","-0.63%"
"06/05/2025","5,263.38","5,283.99","5,292.94","5,210.59","","-0.37%"
"05/05/2025","5,283.05","5,270.34","5,289.35","5,262.28","","-0.04%"
"02/05/2025","5,285.19","5,201.10","5,285.19","5,201.10","","2.42%"
"30/04/2025","5,160.22","5,162.95","5,185.30","5,105.80","","-0.03%"
"29/04/2025","5,161.90","5,176.03","5,191.68","5,138.71","","-0.17%"
"28/04/2025","5,170.49","5,163.23","5,199.30","5,163.23","","0.32%"
"25/04/2025","5,154.12","5,121.35","5,167.18","5,121.35","","0.77%"
"24/04/2025","5,114.98","5,080.59","5,116.33","5,043.45","","0.32%"
"23/04/2025","5,098.74","4,972.51","5,123.64","4,972.51","","2.77%"
"22/04/2025","4,961.45","4,919.76","4,961.45","4,894.30","","0.53%"
"17/04/2025","4,935.34","4,966.76","4,970.68","4,922.20","","-0.63%"
"16/04/2025","4,966.50","4,956.15","4,967.09","4,891.11","","-0.08%"
"15/04/2025","4,970.43","4,915.47","4,977.49","4,913.73","","1.20%"
"14/04/2025","4,911.39","4,828.56","4,936.12","4,828.56","","2.59%"
"11/04/2025","4,787.23","4,841.64","4,870.97","4,728.53","","-0.66%"
"10/04/2025","4,818.92","4,631.37","4,987.62","4,631.37","","4.26%"
"09/04/2025","4,622.14","4,705.91","4,708.14","4,569.51","","-3.17%"
"08/04/2025","4,773.65","4,700.37","4,826.68","4,669.95","","2.52%"
"07/04/2025","4,656.41","4,861.16","4,902.99","4,540.22","","-4.55%"
"04/04/2025","4,878.31","5,094.79","5,094.79","4,825.70","","-4.60%"
"03/04/2025","5,113.28","5,255.11","5,255.11","5,104.35","","-3.59%"
"02/04/2025","5,303.95","5,312.56","5,312.56","5,255.95","","-0.31%"
"01/04/2025","5,320.30","5,270.25","5,328.91","5,270.25","","1.37%"
"31/03/2025","5,248.39","5,312.17","5,312.17","5,218.48","","-1.56%"
"28/03/2025","5,331.40","5,368.90","5,374.80","5,314.54","","-0.92%"
"27/03/2025","5,381.08","5,393.32","5,399.57","5,338.62","","-0.57%"
"26/03/2025","5,411.69","5,479.68","5,491.24","5,407.52","","-1.16%"
"25/03/2025","5,475.08","5,422.47","5,496.73","5,422.47","","1.09%"
"24/03/2025","5,415.79","5,441.60","5,470.23","5,402.34","","-0.15%"
"21/03/2025","5,423.83","5,435.76","5,436.46","5,393.30","","-0.50%"
"20/03/2025","5,450.93","5,506.82","5,515.38","5,431.99","28.70M","-1.02%"
"19/03/2025","5,507.36","5,482.95","5,515.05","5,460.94","","0.41%"
"18/03/2025","5,485.01","5,454.20","5,501.41","5,454.20","","0.72%"
"17/03/2025","5,445.55","5,400.82","5,446.86","5,386.99","","0.77%"
"14/03/2025","5,404.18","5,327.83","5,412.43","5,312.75","","1.42%"
"13/03/2025","5,328.39","5,349.66","5,385.86","5,314.73","","-0.58%"
"12/03/2025","5,359.42","5,330.03","5,406.67","5,320.05","","0.93%"
"11/03/2025","5,309.90","5,400.10","5,426.63","5,294.37","","-1.43%"
"10/03/2025","5,386.98","5,480.17","5,494.13","5,375.15","","-1.49%"
"07/03/2025","5,468.41","5,503.96","5,503.96","5,434.86","","-0.94%"
"06/03/2025","5,520.47","5,507.88","5,541.41","5,452.35","","0.57%"
"05/03/2025","5,489.12","5,409.93","5,533.18","5,409.93","","1.89%"
"04/03/2025","5,387.31","5,511.65","5,511.65","5,370.75","40.45M","-2.77%"
"03/03/2025","5,540.69","5,469.10","5,568.19","5,434.62","27.29M","1.41%"
"28/02/2025","5,463.54","5,455.96","5,463.54","5,411.54","45.82M","-0.16%"
"27/02/2025","5,472.56","5,515.04","5,515.04","5,437.38","27.65M","-1.00%"
"26/02/2025","5,527.99","5,459.87","5,533.95","5,459.87","31.22M","1.47%"
"25/02/2025","5,447.90","5,431.44","5,477.21","5,424.87","29.80M","-0.11%"
"24/02/2025","5,453.76","5,478.39","5,483.18","5,422.86","19.23M","-0.39%"
"21/02/2025","5,474.85","5,469.23","5,489.92","5,454.58","25.03M","0.25%"
"20/02/2025","5,461.03","5,458.08","5,500.15","5,454.80","18.76M","0.00%"
"19/02/2025","5,461.17","5,530.54","5,539.97","5,453.51","23.58M","-1.31%"
"18/02/2025","5,533.84","5,531.53","5,544.12","5,506.57","21.73M","0.25%"
"17/02/2025","5,519.83","5,496.87","5,524.27","5,489.81","16.92M","0.48%"
"14/02/2025","5,493.40","5,496.67","5,520.58","5,483.20","25.07M","-0.13%"
"13/02/2025","5,500.50","5,424.38","5,502.11","5,424.38","25.97M","1.75%"
"12/02/2025","5,405.65","5,399.90","5,414.14","5,366.00","29.85M","0.27%"
"11/02/2025","5,390.91","5,360.01","5,394.86","5,356.23","25.70M","0.61%"
"10/02/2025","5,358.30","5,328.54","5,365.03","5,328.54","20.50M","0.62%"
"07/02/2025","5,325.40","5,348.37","5,358.66","5,317.17","25.72M","-0.58%"
"06/02/2025","5,356.63","5,279.38","5,363.14","5,279.38","35.73M","1.62%"
"05/02/2025","5,271.12","5,262.00","5,271.12","5,242.88","20.22M","0.12%"
"04/02/2025","5,264.59","5,226.16","5,267.59","5,191.62","27.86M","0.89%"
"03/02/2025","5,217.91","5,228.61","5,228.67","5,174.01","31.04M","-1.30%"
"31/01/2025","5,286.87","5,291.41","5,314.29","5,273.49","22.05M","0.09%"
"30/01/2025","5,282.21","5,248.50","5,285.22","5,248.50","23.61M","0.99%"
"29/01/2025","5,230.66","5,197.67","5,244.47","5,185.23","25.67M","0.67%"
"28/01/2025","5,195.71","5,189.93","5,219.49","5,179.49","22.04M","0.14%"
"27/01/2025","5,188.45","5,212.89","5,223.10","5,131.76","25.31M","-0.59%"
"24/01/2025","5,219.37","5,229.61","5,260.28","5,209.65","25.91M","0.04%"
"23/01/2025","5,217.50","5,212.30","5,220.84","5,184.83","20.59M","0.22%"
"22/01/2025","5,205.83","5,166.30","5,228.98","5,166.30","21.16M","0.77%"
"21/01/2025","5,165.96","5,162.36","5,171.23","5,151.83","20.53M","0.03%"
"20/01/2025","5,164.44","5,150.76","5,183.28","5,142.60","24.73M","0.31%"
"17/01/2025","5,148.30","5,118.31","5,158.63","5,118.31","30.78M","0.81%"
"16/01/2025","5,106.93","5,065.23","5,107.32","5,065.23","25.07M","1.48%"
"15/01/2025","5,032.31","4,980.21","5,051.69","4,975.39","26.49M","1.04%"
"14/01/2025","4,980.47","4,978.51","5,014.30","4,974.03","24.05M","0.53%"
"13/01/2025","4,954.21","4,964.78","4,964.78","4,916.87","20.15M","-0.46%"
"10/01/2025","4,977.26","5,013.56","5,031.56","4,970.79","23.93M","-0.81%"
"09/01/2025","5,017.91","4,982.75","5,022.15","4,967.62","17.48M","0.43%"
"08/01/2025","4,996.39","5,013.34","5,036.24","4,966.44","25.78M","-0.31%"
"07/01/2025","5,011.82","4,987.38","5,030.83","4,969.30","23.98M","0.50%"
"06/01/2025","4,986.64","4,893.32","4,986.64","4,893.19","27.33M","2.36%"
"03/01/2025","4,871.45","4,915.54","4,917.34","4,861.12","17.72M","-0.94%"
"02/01/2025","4,917.88","4,890.54","4,917.88","4,845.89","19.06M","0.45%"
"31/12/2024","4,895.98","4,866.22","4,896.02","4,860.86","12.40M","0.55%"
"30/12/2024","4,869.28","4,890.52","4,904.08","4,862.16","","-0.60%"
"27/12/2024","4,898.88","4,854.16","4,898.88","4,847.89","","0.84%"
"24/12/2024","4,857.86","4,857.79","4,868.36","4,857.79","11.01M","0.10%"
"23/12/2024","4,852.93","4,859.04","4,862.51","4,832.15","13.21M","-0.19%"
"20/12/2024","4,862.28","4,861.59","4,872.66","4,803.20","52.54M","-0.34%"
"19/12/2024","4,879.00","4,916.32","4,916.32","4,869.11","23.12M","-1.58%"
"18/12/2024","4,957.28","4,945.61","4,970.35","4,940.30","22.98M","0.30%"
"17/12/2024","4,942.58","4,936.52","4,966.14","4,922.34","23.94M","-0.09%"
"16/12/2024","4,947.03","4,963.88","4,963.88","4,940.39","23.76M","-0.42%"
"13/12/2024","4,967.95","4,964.08","4,996.96","4,955.29","20.68M","0.05%"
"12/12/2024","4,965.53","4,964.17","4,974.90","4,953.21","24.88M","0.12%"
"11/12/2024","4,959.35","4,947.44","4,966.23","4,940.08","21.65M","0.15%"
"10/12/2024","4,951.74","4,979.17","4,979.17","4,949.32","21.32M","-0.68%"
"09/12/2024","4,985.46","4,991.84","5,007.70","4,974.05","23.03M","0.15%"
"06/12/2024","4,977.78","4,953.93","4,985.22","4,944.29","23.20M","0.53%"
"05/12/2024","4,951.58","4,914.06","4,954.92","4,912.75","29.75M","0.66%"
"04/12/2024","4,919.02","4,884.94","4,929.53","4,884.52","22.68M","0.83%"
"03/12/2024","4,878.51","4,854.14","4,902.04","4,854.14","25.25M","0.66%"
"02/12/2024","4,846.73","4,785.15","4,848.87","4,764.38","27.36M","0.88%"
"29/11/2024","4,804.40","4,754.62","4,810.49","4,741.89","23.07M","0.96%"
"28/11/2024","4,758.65","4,759.22","4,781.09","4,747.37","15.60M","0.54%"
"27/11/2024","4,733.15","4,752.43","4,752.43","4,705.97","23.57M","-0.61%"
"26/11/2024","4,761.99","4,781.47","4,792.71","4,747.01","25.24M","-0.79%"
"25/11/2024","4,799.87","4,806.29","4,831.28","4,790.77","46.76M","0.23%"
"22/11/2024","4,789.08","4,772.83","4,797.95","4,722.77","32.45M","0.70%"
"21/11/2024","4,755.83","4,731.23","4,757.59","4,690.45","22.66M","0.55%"
"20/11/2024","4,729.71","4,760.61","4,786.28","4,717.45","21.53M","-0.45%"
"19/11/2024","4,751.23","4,791.89","4,801.23","4,688.68","31.16M","-0.82%"
"18/11/2024","4,790.33","4,786.54","4,800.47","4,755.79","23.57M","-0.09%"
"15/11/2024","4,794.85","4,810.59","4,829.68","4,785.65","26.34M","-0.80%"
"14/11/2024","4,833.53","4,759.77","4,835.78","4,747.57","25.66M","1.97%"
"13/11/2024","4,740.34","4,740.93","4,761.09","4,699.78","25.87M","-0.09%"
"12/11/2024","4,744.69","4,834.34","4,834.34","4,741.99","30.61M","-2.25%"
"11/11/2024","4,854.03","4,825.50","4,875.75","4,825.50","21.24M","1.07%"
"08/11/2024","4,802.76","4,853.50","4,862.64","4,791.06","29.19M","-1.01%"
"07/11/2024","4,851.96","4,812.63","4,869.39","4,810.63","34.83M","1.07%"
"06/11/2024","4,800.63","4,880.35","4,946.48","4,788.41","43.57M","-1.43%"
"05/11/2024","4,870.33","4,853.66","4,874.55","4,839.44","23.00M","0.38%"
"04/11/2024","4,852.10","4,873.95","4,893.35","4,852.10","24.56M","-0.53%"
"01/11/2024","4,877.75","4,829.48","4,889.49","4,829.48","25.85M","1.04%"
"31/10/2024","4,827.63","4,866.03","4,866.03","4,805.23","34.47M","-1.19%"
"30/10/2024","4,885.75","4,931.32","4,931.32","4,866.59","24.93M","-1.30%"
"29/10/2024","4,950.02","4,978.73","4,999.72","4,948.84","25.52M","-0.40%"
"28/10/2024","4,969.83","4,962.16","4,982.74","4,932.61","22.49M","0.54%"
"25/10/2024","4,943.09","4,940.35","4,953.34","4,915.57","19.20M","0.15%"
"24/10/2024","4,935.45","4,929.02","4,970.48","4,929.02","19.46M","0.26%"
"23/10/2024","4,922.55","4,924.40","4,948.38","4,906.28","19.83M","-0.34%"
"22/10/2024","4,939.31","4,941.04","4,965.75","4,910.32","21.40M","-0.04%"
"21/10/2024","4,941.22","4,977.90","4,989.32","4,938.10","21.93M","-0.90%"
"18/10/2024","4,986.27","4,950.05","4,986.27","4,944.13","29.69M","0.79%"
"17/10/2024","4,947.30","4,913.99","4,973.79","4,913.99","28.48M","0.79%"
"16/10/2024","4,908.71","4,918.44","4,926.08","4,898.95","28.22M","-0.77%"
"15/10/2024","4,946.73","5,045.63","5,053.23","4,946.73","32.91M","-1.87%"
"14/10/2024","5,041.01","5,007.27","5,044.74","4,999.18","20.40M","0.74%"
"11/10/2024","5,003.92","4,970.64","5,005.83","4,953.82","23.47M","0.68%"
"10/10/2024","4,970.34","4,980.12","4,986.70","4,950.16","23.59M","-0.25%"
"09/10/2024","4,982.57","4,948.79","4,984.79","4,930.13","19.72M","0.68%"
"08/10/2024","4,949.00","4,953.91","4,955.96","4,911.83","19.75M","-0.42%"
"07/10/2024","4,969.71","4,959.24","4,976.67","4,930.79","22.14M","0.30%"
"04/10/2024","4,954.94","4,920.20","4,976.02","4,911.36","26.48M","0.68%"
"03/10/2024","4,921.33","4,959.20","4,959.20","4,907.60","25.76M","-0.85%"
"02/10/2024","4,963.29","4,961.73","4,983.22","4,931.56","25.21M","0.18%"
"01/10/2024","4,954.15","5,004.37","5,016.88","4,933.39","31.88M","-0.93%"
"30/09/2024","5,000.45","5,060.76","5,060.76","5,000.45","35.00M","-1.32%"
"27/09/2024","5,067.45","5,028.35","5,071.41","5,028.35","27.22M","0.69%"
"26/09/2024","5,032.59","4,956.34","5,035.44","4,956.34","31.63M","2.35%"
"25/09/2024","4,916.89","4,928.15","4,933.37","4,905.33","19.76M","-0.48%"
"24/09/2024","4,940.72","4,907.58","4,953.69","4,907.58","20.38M","1.13%"
"23/09/2024","4,885.57","4,875.62","4,893.98","4,854.93","21.86M","0.29%"
"20/09/2024","4,871.54","4,929.15","4,930.22","4,868.80","53.93M","-1.45%"
"19/09/2024","4,943.38","4,862.41","4,943.38","4,862.41","29.18M","2.24%"
"18/09/2024","4,835.30","4,861.52","4,864.60","4,831.09","19.65M","-0.52%"
"17/09/2024","4,860.78","4,832.82","4,879.61","4,832.82","22.51M","0.69%"
"16/09/2024","4,827.63","4,835.16","4,852.71","4,820.11","16.65M","-0.34%"
"13/09/2024","4,843.99","4,817.74","4,853.89","4,817.74","19.22M","0.62%"
"12/09/2024","4,814.08","4,777.77","4,836.64","4,777.77","21.94M","1.06%"
"11/09/2024","4,763.58","4,752.58","4,796.49","4,735.95","22.66M","0.35%"
"10/09/2024","4,747.20","4,779.55","4,803.37","4,736.89","25.14M","-0.66%"
"09/09/2024","4,778.66","4,745.21","4,797.75","4,745.21","18.48M","0.86%"
"06/09/2024","4,738.06","4,806.59","4,829.28","4,732.86","26.62M","-1.60%"
"05/09/2024","4,815.15","4,840.70","4,854.33","4,814.77","20.34M","-0.68%"
"04/09/2024","4,848.18","4,889.17","4,889.17","4,838.83","20.84M","-1.31%"
"03/09/2024","4,912.52","4,977.97","4,986.74","4,906.98","21.27M","-1.22%"
"02/09/2024","4,973.07","4,955.87","4,973.39","4,924.18","14.22M","0.30%"
"30/08/2024","4,957.98","4,959.03","4,980.86","4,957.96","34.04M","-0.17%"
"29/08/2024","4,966.27","4,915.49","4,966.27","4,913.49","19.54M","1.08%"
"28/08/2024","4,913.03","4,904.76","4,932.76","4,904.76","15.95M","0.29%"
"27/08/2024","4,898.78","4,897.27","4,916.68","4,892.51","16.78M","0.04%"
"26/08/2024","4,896.69","4,907.04","4,911.02","4,892.19","10.42M","-0.25%"
"23/08/2024","4,909.20","4,890.34","4,918.85","4,887.70","16.24M","0.50%"
"22/08/2024","4,885.00","4,885.74","4,911.43","4,883.98","14.71M","-0.01%"
"21/08/2024","4,885.28","4,856.23","4,889.72","4,856.23","13.75M","0.57%"
"20/08/2024","4,857.58","4,878.22","4,897.43","4,855.90","15.90M","-0.28%"
"19/08/2024","4,871.41","4,838.02","4,879.30","4,835.58","15.85M","0.64%"
"16/08/2024","4,840.52","4,813.72","4,850.74","4,813.72","22.74M","0.68%"
"15/08/2024","4,807.77","4,736.84","4,809.88","4,727.63","17.52M","1.70%"
"14/08/2024","4,727.60","4,710.18","4,728.68","4,706.76","14.41M","0.70%"
"13/08/2024","4,694.92","4,680.21","4,697.96","4,659.23","18.61M","0.49%"
"12/08/2024","4,671.88","4,686.85","4,699.91","4,658.86","15.14M","-0.07%"
"09/08/2024","4,675.28","4,678.44","4,703.22","4,646.71","17.63M","0.14%"
"08/08/2024","4,668.74","4,661.82","4,673.66","4,606.70","24.94M","0.01%"
"07/08/2024","4,668.06","4,592.87","4,683.72","4,591.59","33.11M","2.03%"
"06/08/2024","4,575.22","4,580.12","4,607.82","4,538.20","32.68M","0.08%"
"05/08/2024","4,571.60","4,605.72","4,605.72","4,473.94","46.73M","-1.45%"
"02/08/2024","4,638.70","4,752.10","4,752.10","4,627.27","43.38M","-2.67%"
"01/08/2024","4,765.72","4,867.09","4,867.09","4,759.68","34.23M","-2.20%"
"31/07/2024","4,872.94","4,852.18","4,907.39","4,852.18","30.03M","0.66%"
"30/07/2024","4,841.00","4,830.52","4,861.85","4,829.92","27.56M","0.53%"
"29/07/2024","4,815.39","4,873.84","4,886.60","4,810.81","20.13M","-0.97%"
"26/07/2024","4,862.50","4,810.87","4,867.88","4,810.20","20.42M","1.06%"
"25/07/2024","4,811.28","4,832.68","4,832.68","4,767.15","27.18M","-1.04%"
"24/07/2024","4,861.87","4,892.66","4,892.66","4,847.39","25.42M","-1.12%"
"23/07/2024","4,916.80","4,906.89","4,949.27","4,896.33","20.67M","0.40%"
"22/07/2024","4,897.44","4,833.17","4,911.43","4,833.17","23.10M","1.45%"
"19/07/2024","4,827.24","4,868.97","4,868.97","4,822.55","26.88M","-0.88%"
"18/07/2024","4,870.12","4,902.41","4,923.86","4,870.12","24.39M","-0.44%"
"17/07/2024","4,891.46","4,939.44","4,939.44","4,877.15","19.30M","-1.14%"
"16/07/2024","4,947.83","4,968.21","4,968.21","4,939.17","19.24M","-0.71%"
"15/07/2024","4,983.11","5,029.28","5,038.30","4,982.42","16.54M","-1.19%"
"12/07/2024","5,043.02","4,980.96","5,051.59","4,980.96","20.39M","1.34%"
"11/07/2024","4,976.13","4,970.32","5,005.70","4,964.12","19.63M","0.35%"
"10/07/2024","4,958.86","4,909.14","4,960.99","4,896.85","20.13M","1.13%"
"09/07/2024","4,903.62","4,960.15","4,960.55","4,894.76","20.01M","-1.33%"
"08/07/2024","4,969.83","4,976.53","5,029.25","4,965.24","22.23M","-0.19%"
"05/07/2024","4,979.39","4,993.99","5,019.65","4,960.51","18.46M","-0.16%"
"04/07/2024","4,987.48","4,972.67","4,993.66","4,972.67","16.02M","0.44%"
"03/07/2024","4,965.80","4,922.03","4,977.57","4,922.03","22.54M","1.21%"
"02/07/2024","4,906.33","4,918.21","4,918.21","4,869.48","22.90M","-0.48%"
"01/07/2024","4,929.99","4,924.08","4,981.31","4,923.32","26.81M","0.73%"
"28/06/2024","4,894.02","4,909.30","4,922.84","4,880.98","25.15M","-0.18%"
"27/06/2024","4,902.60","4,918.63","4,935.11","4,897.18","22.56M","-0.27%"
"26/06/2024","4,915.94","4,954.79","4,975.81","4,889.23","23.58M","-0.41%"
"25/06/2024","4,935.97","4,938.44","4,938.44","4,910.92","21.34M","-0.30%"
"24/06/2024","4,950.98","4,911.17","4,964.84","4,911.17","23.17M","0.89%"
"21/06/2024","4,907.30","4,945.02","4,945.02","4,890.08","57.82M","-0.82%"
"20/06/2024","4,947.73","4,894.13","4,948.89","4,894.13","25.84M","1.27%"
"19/06/2024","4,885.45","4,913.54","4,916.69","4,883.30","22.30M","-0.61%"
"18/06/2024","4,915.47","4,898.33","4,922.61","4,883.18","25.53M","0.72%"
"17/06/2024","4,880.42","4,858.68","4,900.31","4,837.88","26.71M","0.85%"
"14/06/2024","4,839.14","4,942.82","4,942.82","4,819.56","50.98M","-1.95%"
"13/06/2024","4,935.50","5,031.04","5,031.04","4,929.87","34.94M","-1.97%"
"12/06/2024","5,034.43","4,970.61","5,042.39","4,970.61","26.42M","1.40%"
"11/06/2024","4,965.09","5,025.13","5,034.58","4,941.39","29.06M","-1.02%"
"10/06/2024","5,016.48","5,027.86","5,027.86","4,973.88","23.41M","-0.69%"
"07/06/2024","5,051.31","5,072.88","5,077.21","5,018.35","21.97M","-0.35%"
"06/06/2024","5,069.09","5,051.94","5,082.07","5,049.88","23.37M","0.66%"
"05/06/2024","5,035.66","4,972.72","5,044.02","4,972.72","23.78M","1.66%"
"04/06/2024","4,953.37","5,001.97","5,001.97","4,942.14","31.52M","-1.00%"
"03/06/2024","5,003.54","5,008.10","5,039.55","4,997.01","22.74M","0.40%"
"31/05/2024","4,983.67","4,985.71","5,000.76","4,967.19","58.90M","0.03%"
"30/05/2024","4,982.18","4,954.78","4,985.87","4,947.21","22.46M","0.38%"
"29/05/2024","4,963.20","5,027.52","5,027.53","4,955.84","23.44M","-1.33%"
"28/05/2024","5,030.35","5,060.38","5,071.39","5,015.85","20.62M","-0.57%"
"27/05/2024","5,059.20","5,038.92","5,059.20","5,033.56","12.10M","0.47%"
"24/05/2024","5,035.41","5,027.94","5,040.89","4,991.70","19.36M","-0.04%"
"23/05/2024","5,037.60","5,026.70","5,064.50","5,025.28","20.90M","0.25%"
"22/05/2024","5,025.17","5,044.22","5,045.09","5,020.70","22.04M","-0.43%"
"21/05/2024","5,046.99","5,064.87","5,064.87","5,026.07","24.69M","-0.54%"
"20/05/2024","5,074.34","5,060.62","5,079.04","5,060.62","24.05M","0.20%"
"17/05/2024","5,064.14","5,061.44","5,068.39","5,040.23","33.52M","-0.16%"
"16/05/2024","5,072.45","5,094.77","5,101.41","5,068.11","26.35M","-0.56%"
"15/05/2024","5,100.90","5,083.25","5,102.30","5,075.06","28.21M","0.41%"
"14/05/2024","5,080.29","5,079.37","5,083.55","5,057.94","35.58M","0.03%"
"13/05/2024","5,078.96","5,083.54","5,087.92","5,068.06","23.63M","-0.12%"
"10/05/2024","5,085.08","5,060.73","5,096.89","5,060.73","33.57M","0.61%"
"09/05/2024","5,054.41","5,019.32","5,057.23","5,013.77","24.10M","0.32%"
"08/05/2024","5,038.17","5,025.30","5,047.54","5,023.74","28.18M","0.44%"
"07/05/2024","5,016.10","4,969.82","5,016.71","4,967.81","29.59M","1.19%"
"06/05/2024","4,956.96","4,921.02","4,969.12","4,920.93","22.14M","0.73%"
"03/05/2024","4,920.95","4,917.05","4,946.05","4,896.45","","0.62%"
"02/05/2024","4,890.61","4,907.33","4,913.71","4,888.11","35.99M","-0.62%"
"01/05/2024","4,921.22","4,921.22","4,921.22","4,921.22","33.80M","0.00%"
"30/04/2024","4,921.22","4,985.54","4,988.12","4,916.57","33.80M","-1.20%"
"29/04/2024","4,981.09","5,014.22","5,026.82","4,980.42","28.18M","-0.51%"
"26/04/2024","5,006.85","4,950.22","5,017.98","4,950.22","26.65M","1.37%"
"25/04/2024","4,939.01","4,993.35","4,994.41","4,900.27","27.54M","-1.02%"
"24/04/2024","4,989.88","5,004.91","5,031.84","4,981.81","30.87M","-0.37%"
"23/04/2024","5,008.17","4,941.29","5,011.10","4,941.29","35.18M","1.44%"
"22/04/2024","4,936.85","4,921.04","4,954.18","4,913.70","28.70M","0.38%"
"19/04/2024","4,918.09","4,911.59","4,933.38","4,884.12","35.23M","-0.37%"
"18/04/2024","4,936.57","4,924.83","4,943.98","4,907.61","27.89M","0.46%"
"17/04/2024","4,914.13","4,918.73","4,968.41","4,898.90","22.79M","-0.06%"
"16/04/2024","4,916.99","4,962.15","4,962.15","4,899.41","27.87M","-1.35%"
"15/04/2024","4,984.48","4,969.00","5,034.73","4,969.00","24.47M","0.59%"
"12/04/2024","4,955.01","4,986.03","5,023.90","4,935.03","27.78M","-0.23%"
"11/04/2024","4,966.68","4,994.15","5,010.09","4,934.40","30.61M","-0.68%"
"10/04/2024","5,000.83","5,006.50","5,037.18","4,951.19","28.80M","0.20%"
"09/04/2024","4,990.90","5,038.73","5,038.73","4,981.23","24.10M","-1.09%"
"08/04/2024","5,046.05","5,012.02","5,053.00","5,005.31","19.82M","0.62%"
"05/04/2024","5,014.75","5,043.61","5,043.61","4,985.67","36.78M","-1.10%"
"04/04/2024","5,070.76","5,071.83","5,089.33","5,065.65","23.60M","0.03%"
"03/04/2024","5,069.25","5,047.80","5,071.20","5,046.23","27.23M","0.54%"
"02/04/2024","5,042.00","5,096.86","5,121.71","5,038.63","31.80M","-0.81%"
"28/03/2024","5,083.42","5,085.25","5,103.26","5,081.78","31.38M","0.03%"
"27/03/2024","5,081.74","5,063.27","5,095.11","5,063.27","25.29M","0.35%"
"26/03/2024","5,064.18","5,046.26","5,072.75","5,038.73","25.33M","0.40%"
"25/03/2024","5,044.19","5,029.25","5,051.47","5,013.60","22.82M","0.26%"
"22/03/2024","5,031.15","5,035.13","5,037.74","5,008.90","27.33M","-0.42%"
"21/03/2024","5,052.31","5,042.32","5,058.91","5,021.14","27.74M","1.04%"
"20/03/2024","5,000.31","4,991.37","5,009.13","4,980.95","23.45M","-0.15%"
"19/03/2024","5,007.92","4,979.06","5,007.92","4,976.37","27.40M","0.50%"
"18/03/2024","4,982.76","4,993.66","5,004.08","4,976.61","24.81M","-0.07%"
"15/03/2024","4,986.02","4,993.44","5,023.65","4,986.02","83.89M","-0.14%"
"14/03/2024","4,993.12","5,007.73","5,031.82","4,986.60","33.71M","-0.15%"
"13/03/2024","5,000.55","4,985.83","5,016.24","4,983.82","33.87M","0.35%"
"12/03/2024","4,983.20","4,937.76","4,985.10","4,926.21","33.57M","1.07%"
"11/03/2024","4,930.42","4,932.20","4,938.65","4,913.84","28.43M","-0.62%"
"08/03/2024","4,961.11","4,974.97","4,986.57","4,961.11","25.08M","-0.26%"
"07/03/2024","4,974.22","4,901.01","4,978.19","4,891.79","33.78M","1.19%"
"06/03/2024","4,915.49","4,890.84","4,920.57","4,889.58","31.10M","0.46%"
"05/03/2024","4,893.07","4,909.42","4,913.10","4,886.07","29.83M","-0.40%"
"04/03/2024","4,912.92","4,904.58","4,915.44","4,897.94","19.70M","0.37%"
"01/03/2024","4,894.86","4,888.58","4,904.85","4,874.03","36.36M","0.35%"
"29/02/2024","4,877.77","4,883.77","4,898.37","4,872.63","52.11M","-0.12%"
"28/02/2024","4,883.77","4,883.84","4,887.18","4,874.94","22.07M","-0.04%"
"27/02/2024","4,885.74","4,865.54","4,887.85","4,863.81","24.24M","0.44%"
"26/02/2024","4,864.29","4,865.87","4,870.43","4,859.49","25.39M","-0.17%"
"23/02/2024","4,872.57","4,857.41","4,881.66","4,850.32","28.69M","0.35%"
"22/02/2024","4,855.36","4,812.02","4,866.06","4,812.02","29.13M","1.68%"
"21/02/2024","4,775.31","4,761.24","4,782.56","4,756.68","27.02M","0.32%"
"20/02/2024","4,760.28","4,757.95","4,766.62","4,749.18","20.50M","-0.06%"
"19/02/2024","4,763.07","4,755.75","4,765.82","4,744.59","17.30M","-0.05%"
"16/02/2024","4,765.65","4,754.43","4,782.79","4,750.76","28.82M","0.47%"
"15/02/2024","4,743.17","4,713.78","4,749.27","4,713.78","26.28M","0.72%"
"14/02/2024","4,709.22","4,685.94","4,712.89","4,681.62","20.16M","0.43%"
"13/02/2024","4,689.28","4,746.46","4,746.46","4,671.99","22.71M","-1.20%"
"12/02/2024","4,746.35","4,720.30","4,746.35","4,720.30","21.60M","0.65%"
"09/02/2024","4,715.87","4,711.33","4,723.77","4,696.51","30.84M","0.11%"
"08/02/2024","4,710.78","4,687.21","4,720.78","4,682.83","26.95M","0.68%"
"07/02/2024","4,678.85","4,691.57","4,694.88","4,677.92","36.29M","-0.26%"
"06/02/2024","4,690.87","4,667.50","4,692.44","4,660.02","40.13M","0.76%"
"05/02/2024","4,655.27","4,656.05","4,667.40","4,638.33","41.76M","0.02%"
"02/02/2024","4,654.55","4,645.78","4,676.71","4,645.78","29.25M","0.34%"
"01/02/2024","4,638.60","4,641.94","4,656.52","4,619.48","38.36M","-0.21%"
"31/01/2024","4,648.40","4,659.87","4,674.74","4,642.69","36.66M","-0.31%"
"30/01/2024","4,662.70","4,647.41","4,667.42","4,642.26","31.63M","0.50%"
"29/01/2024","4,639.36","4,636.77","4,639.36","4,622.46","26.59M","0.08%"
"26/01/2024","4,635.47","4,572.13","4,639.05","4,572.13","24.80M","1.16%"
"25/01/2024","4,582.26","4,562.34","4,584.87","4,545.52","30.57M","0.40%"
"24/01/2024","4,564.11","4,469.79","4,564.11","4,469.60","30.20M","2.20%"
"23/01/2024","4,465.91","4,487.51","4,496.39","4,456.78","21.31M","-0.32%"
"22/01/2024","4,480.32","4,454.45","4,495.43","4,454.45","24.71M","0.71%"
"19/01/2024","4,448.83","4,465.20","4,476.78","4,437.50","26.27M","-0.09%"
"18/01/2024","4,453.05","4,417.56","4,455.47","4,408.42","25.62M","1.13%"
"17/01/2024","4,403.08","4,420.60","4,420.60","4,380.97","26.43M","-0.98%"
"16/01/2024","4,446.51","4,443.21","4,448.45","4,414.44","22.72M","-0.18%"
"15/01/2024","4,454.68","4,483.98","4,489.49","4,451.03","16.29M","-0.57%"
"12/01/2024","4,480.02","4,453.24","4,492.77","4,453.24","20.70M","0.85%"
"11/01/2024","4,442.28","4,481.40","4,510.01","4,441.46","24.08M","-0.60%"
"10/01/2024","4,468.98","4,467.15","4,484.80","4,459.54","20.34M","0.04%"
"09/01/2024","4,467.17","4,486.99","4,486.99","4,446.62","25.54M","-0.41%"
"08/01/2024","4,485.48","4,461.80","4,487.26","4,438.49","21.90M","0.49%"